"AffairShortId","AffairTitle","VoteRegistrationNumber","VoteDate","VoteMeaningYes","VoteMeaningNo","DivisionText","VoteSubmissionText","VoteTotalYes","VoteTotalNo","VoteTotalAbstain","VoteTotalNotParticipated","VoteTotalExcused","VoteTotalPresident","VoteFilteredYes","VoteFilteredNo","VoteFilteredAbstain","VoteFilteredNotParticipated","VoteFilteredExcused","VoteFilteredPresident","CouncillorId","CouncillorName","CouncillorYes","CouncillorNo","CouncillorAbstain","CouncillorNotParticipated","CouncillorExcused","CouncillorPresident"
"20183710","MiGeL-Produkte. Inrechnungstellung durch Erbringer von Pflegeleistungen","17514","Wed Sep 19 2018 12:13:21 GMT+0200 (Mitteleuropäische Sommerzeit)","Proposition de la commission ( = adopter la motion)","Proposition du Conseil fédéral ( = rejeter la motion)","Ja","","168","1","0","24","6","1","168","1","0","24","6","1","4154","Addor Jean-Luc","1","0","0","0","0","0"
"20183710","MiGeL-Produkte. Inrechnungstellung durch Erbringer von Pflegeleistungen","17514","Wed Sep 19 2018 12:13:21 GMT+0200 (Mitteleuropäische Sommerzeit)","Proposition de la commission ( = adopter la motion)","Proposition du Conseil fédéral ( = rejeter la motion)","Ja","","168","1","0","24","6","1","168","1","0","24","6","1","3867","Aebi Andreas","1","0","0","0","0","0"
"20183710","MiGeL-Produkte. Inrechnungstellung durch Erbringer von Pflegeleistungen","17514","Wed Sep 19 2018 12:13:21 GMT+0200 (Mitteleuropäische Sommerzeit)","Proposition de la commission ( = adopter la motion)","Proposition du Conseil fédéral ( = rejeter la motion)","Ja","","168","1","0","24","6","1","168","1","0","24","6","1","4049","Aebischer Matthias","1","0","0","0","0","0"
"20183710","MiGeL-Produkte. Inrechnungstellung durch Erbringer von Pflegeleistungen","17514","Wed Sep 19 2018 12:13:21 GMT+0200 (Mitteleuropäische Sommerzeit)","Proposition de la commission ( = adopter la motion)","Proposition du Conseil fédéral ( = rejeter la motion)","Hat nicht teilgenommen","","168","1","0","24","6","1","168","1","0","24","6","1","4053","Aeschi Thomas","0","0","0","1","0","0"
"20183710","MiGeL-Produkte. Inrechnungstellung durch Erbringer von Pflegeleistungen","17514","Wed Sep 19 2018 12:13:21 GMT+0200 (Mitteleuropäische Sommerzeit)","Proposition de la commission ( = adopter la motion)","Proposition du Conseil fédéral ( = rejeter la motion)","Ja","","168","1","0","24","6","1","168","1","0","24","6","1","4090","Amaudruz Céline","1","0","0","0","0","0"
"20183710","MiGeL-Produkte. Inrechnungstellung durch Erbringer von Pflegeleistungen","17514","Wed Sep 19 2018 12:13:21 GMT+0200 (Mitteleuropäische Sommerzeit)","Proposition de la commission ( = adopter la motion)","Proposition du Conseil fédéral ( = rejeter la motion)","Ja","","168","1","0","24","6","1","168","1","0","24","6","1","1288","Amherd Viola","1","0","0","0","0","0"
"20183710","MiGeL-Produkte. Inrechnungstellung durch Erbringer von Pflegeleistungen","17514","Wed Sep 19 2018 12:13:21 GMT+0200 (Mitteleuropäische Sommerzeit)","Proposition de la commission ( = adopter la motion)","Proposition du Conseil fédéral ( = rejeter la motion)","Ja","","168","1","0","24","6","1","168","1","0","24","6","1","4180","Ammann Thomas","1","0","0","0","0","0"
"20183710","MiGeL-Produkte. Inrechnungstellung durch Erbringer von Pflegeleistungen","17514","Wed Sep 19 2018 12:13:21 GMT+0200 (Mitteleuropäische Sommerzeit)","Proposition de la commission ( = adopter la motion)","Proposition du Conseil fédéral ( = rejeter la motion)","Hat nicht teilgenommen","","168","1","0","24","6","1","168","1","0","24","6","1","1135","Amstutz Adrian","0","0","0","1","0","0"
"20183710","MiGeL-Produkte. Inrechnungstellung durch Erbringer von Pflegeleistungen","17514","Wed Sep 19 2018 12:13:21 GMT+0200 (Mitteleuropäische Sommerzeit)","Proposition de la commission ( = adopter la motion)","Proposition du Conseil fédéral ( = rejeter la motion)","Entschuldigt gemäss Art. 57 Abs. 4","","168","1","0","24","6","1","168","1","0","24","6","1","4155","Arnold Beat","0","0","0","0","1","0"
"20183710","MiGeL-Produkte. Inrechnungstellung durch Erbringer von Pflegeleistungen","17514","Wed Sep 19 2018 12:13:21 GMT+0200 (Mitteleuropäische Sommerzeit)","Proposition de la commission ( = adopter la motion)","Proposition du Conseil fédéral ( = rejeter la motion)","Ja","","168","1","0","24","6","1","168","1","0","24","6","1","4184","Arslan Sibel","1","0","0","0","0","0"
"20183710","MiGeL-Produkte. Inrechnungstellung durch Erbringer von Pflegeleistungen","17514","Wed Sep 19 2018 12:13:21 GMT+0200 (Mitteleuropäische Sommerzeit)","Proposition de la commission ( = adopter la motion)","Proposition du Conseil fédéral ( = rejeter la motion)","Ja","","168","1","0","24","6","1","168","1","0","24","6","1","4058","Badran Jacqueline","1","0","0","0","0","0"
"20183710","MiGeL-Produkte. Inrechnungstellung durch Erbringer von Pflegeleistungen","17514","Wed Sep 19 2018 12:13:21 GMT+0200 (Mitteleuropäische Sommerzeit)","Proposition de la commission ( = adopter la motion)","Proposition du Conseil fédéral ( = rejeter la motion)","Hat nicht teilgenommen","","168","1","0","24","6","1","168","1","0","24","6","1","4138","Barazzone Guillaume","0","0","0","1","0","0"
"20183710","MiGeL-Produkte. Inrechnungstellung durch Erbringer von Pflegeleistungen","17514","Wed Sep 19 2018 12:13:21 GMT+0200 (Mitteleuropäische Sommerzeit)","Proposition de la commission ( = adopter la motion)","Proposition du Conseil fédéral ( = rejeter la motion)","Ja","","168","1","0","24","6","1","168","1","0","24","6","1","4203","Barrile Angelo","1","0","0","0","0","0"
"20183710","MiGeL-Produkte. Inrechnungstellung durch Erbringer von Pflegeleistungen","17514","Wed Sep 19 2018 12:13:21 GMT+0200 (Mitteleuropäische Sommerzeit)","Proposition de la commission ( = adopter la motion)","Proposition du Conseil fédéral ( = rejeter la motion)","Ja","","168","1","0","24","6","1","168","1","0","24","6","1","4187","Bauer Philippe","1","0","0","0","0","0"
"20183710","MiGeL-Produkte. Inrechnungstellung durch Erbringer von Pflegeleistungen","17514","Wed Sep 19 2018 12:13:21 GMT+0200 (Mitteleuropäische Sommerzeit)","Proposition de la commission ( = adopter la motion)","Proposition du Conseil fédéral ( = rejeter la motion)","Hat nicht teilgenommen","","168","1","0","24","6","1","168","1","0","24","6","1","1138","Bäumle Martin","0","0","0","1","0","0"
"20183710","MiGeL-Produkte. Inrechnungstellung durch Erbringer von Pflegeleistungen","17514","Wed Sep 19 2018 12:13:21 GMT+0200 (Mitteleuropäische Sommerzeit)","Proposition de la commission ( = adopter la motion)","Proposition du Conseil fédéral ( = rejeter la motion)","Ja","","168","1","0","24","6","1","168","1","0","24","6","1","4182","Béglé Claude","1","0","0","0","0","0"
"20183710","MiGeL-Produkte. Inrechnungstellung durch Erbringer von Pflegeleistungen","17514","Wed Sep 19 2018 12:13:21 GMT+0200 (Mitteleuropäische Sommerzeit)","Proposition de la commission ( = adopter la motion)","Proposition du Conseil fédéral ( = rejeter la motion)","Ja","","168","1","0","24","6","1","168","1","0","24","6","1","4213","Bendahan Samuel","1","0","0","0","0","0"
"20183710","MiGeL-Produkte. Inrechnungstellung durch Erbringer von Pflegeleistungen","17514","Wed Sep 19 2018 12:13:21 GMT+0200 (Mitteleuropäische Sommerzeit)","Proposition de la commission ( = adopter la motion)","Proposition du Conseil fédéral ( = rejeter la motion)","Ja","","168","1","0","24","6","1","168","1","0","24","6","1","4102","Bertschy Kathrin","1","0","0","0","0","0"
"20183710","MiGeL-Produkte. Inrechnungstellung durch Erbringer von Pflegeleistungen","17514","Wed Sep 19 2018 12:13:21 GMT+0200 (Mitteleuropäische Sommerzeit)","Proposition de la commission ( = adopter la motion)","Proposition du Conseil fédéral ( = rejeter la motion)","Hat nicht teilgenommen","","168","1","0","24","6","1","168","1","0","24","6","1","4209","Bigler Hans-Ulrich","0","0","0","1","0","0"
"20183710","MiGeL-Produkte. Inrechnungstellung durch Erbringer von Pflegeleistungen","17514","Wed Sep 19 2018 12:13:21 GMT+0200 (Mitteleuropäische Sommerzeit)","Proposition de la commission ( = adopter la motion)","Proposition du Conseil fédéral ( = rejeter la motion)","Ja","","168","1","0","24","6","1","168","1","0","24","6","1","4030","Birrer-Heimo Prisca","1","0","0","0","0","0"
"20183710","MiGeL-Produkte. Inrechnungstellung durch Erbringer von Pflegeleistungen","17514","Wed Sep 19 2018 12:13:21 GMT+0200 (Mitteleuropäische Sommerzeit)","Proposition de la commission ( = adopter la motion)","Proposition du Conseil fédéral ( = rejeter la motion)","Entschuldigt gemäss Art. 57 Abs. 4","","168","1","0","24","6","1","168","1","0","24","6","1","4188","Borloz Frédéric","0","0","0","0","1","0"
"20183710","MiGeL-Produkte. Inrechnungstellung durch Erbringer von Pflegeleistungen","17514","Wed Sep 19 2018 12:13:21 GMT+0200 (Mitteleuropäische Sommerzeit)","Proposition de la commission ( = adopter la motion)","Proposition du Conseil fédéral ( = rejeter la motion)","Ja","","168","1","0","24","6","1","168","1","0","24","6","1","3872","Bourgeois Jacques","1","0","0","0","0","0"
"20183710","MiGeL-Produkte. Inrechnungstellung durch Erbringer von Pflegeleistungen","17514","Wed Sep 19 2018 12:13:21 GMT+0200 (Mitteleuropäische Sommerzeit)","Proposition de la commission ( = adopter la motion)","Proposition du Conseil fédéral ( = rejeter la motion)","Hat nicht teilgenommen","","168","1","0","24","6","1","168","1","0","24","6","1","4067","Brand Heinz","0","0","0","1","0","0"
"20183710","MiGeL-Produkte. Inrechnungstellung durch Erbringer von Pflegeleistungen","17514","Wed Sep 19 2018 12:13:21 GMT+0200 (Mitteleuropäische Sommerzeit)","Proposition de la commission ( = adopter la motion)","Proposition du Conseil fédéral ( = rejeter la motion)","Ja","","168","1","0","24","6","1","168","1","0","24","6","1","724","Brélaz Daniel","1","0","0","0","0","0"
"20183710","MiGeL-Produkte. Inrechnungstellung durch Erbringer von Pflegeleistungen","17514","Wed Sep 19 2018 12:13:21 GMT+0200 (Mitteleuropäische Sommerzeit)","Proposition de la commission ( = adopter la motion)","Proposition du Conseil fédéral ( = rejeter la motion)","Ja","","168","1","0","24","6","1","168","1","0","24","6","1","4215","Brunner Hansjörg","1","0","0","0","0","0"
"20183710","MiGeL-Produkte. Inrechnungstellung durch Erbringer von Pflegeleistungen","17514","Wed Sep 19 2018 12:13:21 GMT+0200 (Mitteleuropäische Sommerzeit)","Proposition de la commission ( = adopter la motion)","Proposition du Conseil fédéral ( = rejeter la motion)","Ja","","168","1","0","24","6","1","168","1","0","24","6","1","307","Brunner Toni","1","0","0","0","0","0"
"20183710","MiGeL-Produkte. Inrechnungstellung durch Erbringer von Pflegeleistungen","17514","Wed Sep 19 2018 12:13:21 GMT+0200 (Mitteleuropäische Sommerzeit)","Proposition de la commission ( = adopter la motion)","Proposition du Conseil fédéral ( = rejeter la motion)","Ja","","168","1","0","24","6","1","168","1","0","24","6","1","4025","Büchel Roland Rino","1","0","0","0","0","0"
"20183710","MiGeL-Produkte. Inrechnungstellung durch Erbringer von Pflegeleistungen","17514","Wed Sep 19 2018 12:13:21 GMT+0200 (Mitteleuropäische Sommerzeit)","Proposition de la commission ( = adopter la motion)","Proposition du Conseil fédéral ( = rejeter la motion)","Ja","","168","1","0","24","6","1","168","1","0","24","6","1","4156","Buffat Michaël","1","0","0","0","0","0"
"20183710","MiGeL-Produkte. Inrechnungstellung durch Erbringer von Pflegeleistungen","17514","Wed Sep 19 2018 12:13:21 GMT+0200 (Mitteleuropäische Sommerzeit)","Proposition de la commission ( = adopter la motion)","Proposition du Conseil fédéral ( = rejeter la motion)","Ja","","168","1","0","24","6","1","168","1","0","24","6","1","4157","Bühler Manfred","1","0","0","0","0","0"
"20183710","MiGeL-Produkte. Inrechnungstellung durch Erbringer von Pflegeleistungen","17514","Wed Sep 19 2018 12:13:21 GMT+0200 (Mitteleuropäische Sommerzeit)","Proposition de la commission ( = adopter la motion)","Proposition du Conseil fédéral ( = rejeter la motion)","Ja","","168","1","0","24","6","1","168","1","0","24","6","1","4101","Bulliard-Marbach Christine","1","0","0","0","0","0"
"20183710","MiGeL-Produkte. Inrechnungstellung durch Erbringer von Pflegeleistungen","17514","Wed Sep 19 2018 12:13:21 GMT+0200 (Mitteleuropäische Sommerzeit)","Proposition de la commission ( = adopter la motion)","Proposition du Conseil fédéral ( = rejeter la motion)","Hat nicht teilgenommen","","168","1","0","24","6","1","168","1","0","24","6","1","4158","Burgherr Thomas","0","0","0","1","0","0"
"20183710","MiGeL-Produkte. Inrechnungstellung durch Erbringer von Pflegeleistungen","17514","Wed Sep 19 2018 12:13:21 GMT+0200 (Mitteleuropäische Sommerzeit)","Proposition de la commission ( = adopter la motion)","Proposition du Conseil fédéral ( = rejeter la motion)","Ja","","168","1","0","24","6","1","168","1","0","24","6","1","4189","Burkart Thierry","1","0","0","0","0","0"
"20183710","MiGeL-Produkte. Inrechnungstellung durch Erbringer von Pflegeleistungen","17514","Wed Sep 19 2018 12:13:21 GMT+0200 (Mitteleuropäische Sommerzeit)","Proposition de la commission ( = adopter la motion)","Proposition du Conseil fédéral ( = rejeter la motion)","Ja","","168","1","0","24","6","1","168","1","0","24","6","1","4200","Campell Duri","1","0","0","0","0","0"
"20183710","MiGeL-Produkte. Inrechnungstellung durch Erbringer von Pflegeleistungen","17514","Wed Sep 19 2018 12:13:21 GMT+0200 (Mitteleuropäische Sommerzeit)","Proposition de la commission ( = adopter la motion)","Proposition du Conseil fédéral ( = rejeter la motion)","Ja","","168","1","0","24","6","1","168","1","0","24","6","1","4070","Candinas Martin","1","0","0","0","0","0"
"20183710","MiGeL-Produkte. Inrechnungstellung durch Erbringer von Pflegeleistungen","17514","Wed Sep 19 2018 12:13:21 GMT+0200 (Mitteleuropäische Sommerzeit)","Proposition de la commission ( = adopter la motion)","Proposition du Conseil fédéral ( = rejeter la motion)","Ja","","168","1","0","24","6","1","168","1","0","24","6","1","3830","Carobbio Guscetti Marina","1","0","0","0","0","0"
"20183710","MiGeL-Produkte. Inrechnungstellung durch Erbringer von Pflegeleistungen","17514","Wed Sep 19 2018 12:13:21 GMT+0200 (Mitteleuropäische Sommerzeit)","Proposition de la commission ( = adopter la motion)","Proposition du Conseil fédéral ( = rejeter la motion)","Hat nicht teilgenommen","","168","1","0","24","6","1","168","1","0","24","6","1","4217","Cattaneo Rocco","0","0","0","1","0","0"
"20183710","MiGeL-Produkte. Inrechnungstellung durch Erbringer von Pflegeleistungen","17514","Wed Sep 19 2018 12:13:21 GMT+0200 (Mitteleuropäische Sommerzeit)","Proposition de la commission ( = adopter la motion)","Proposition du Conseil fédéral ( = rejeter la motion)","Ja","","168","1","0","24","6","1","168","1","0","24","6","1","4108","Chevalley Isabelle","1","0","0","0","0","0"
"20183710","MiGeL-Produkte. Inrechnungstellung durch Erbringer von Pflegeleistungen","17514","Wed Sep 19 2018 12:13:21 GMT+0200 (Mitteleuropäische Sommerzeit)","Proposition de la commission ( = adopter la motion)","Proposition du Conseil fédéral ( = rejeter la motion)","Ja","","168","1","0","24","6","1","168","1","0","24","6","1","4159","Chiesa Marco","1","0","0","0","0","0"
"20183710","MiGeL-Produkte. Inrechnungstellung durch Erbringer von Pflegeleistungen","17514","Wed Sep 19 2018 12:13:21 GMT+0200 (Mitteleuropäische Sommerzeit)","Proposition de la commission ( = adopter la motion)","Proposition du Conseil fédéral ( = rejeter la motion)","Ja","","168","1","0","24","6","1","168","1","0","24","6","1","4135","Clottu Raymond","1","0","0","0","0","0"
"20183710","MiGeL-Produkte. Inrechnungstellung durch Erbringer von Pflegeleistungen","17514","Wed Sep 19 2018 12:13:21 GMT+0200 (Mitteleuropäische Sommerzeit)","Proposition de la commission ( = adopter la motion)","Proposition du Conseil fédéral ( = rejeter la motion)","Ja","","168","1","0","24","6","1","168","1","0","24","6","1","4219","Crottaz Brigitte","1","0","0","0","0","0"
"20183710","MiGeL-Produkte. Inrechnungstellung durch Erbringer von Pflegeleistungen","17514","Wed Sep 19 2018 12:13:21 GMT+0200 (Mitteleuropäische Sommerzeit)","Proposition de la commission ( = adopter la motion)","Proposition du Conseil fédéral ( = rejeter la motion)","Die Präsidentin/der Präsident stimmt nicht","","168","1","0","24","6","1","168","1","0","24","6","1","1124","de Buman Dominique","0","0","0","0","0","1"
"20183710","MiGeL-Produkte. Inrechnungstellung durch Erbringer von Pflegeleistungen","17514","Wed Sep 19 2018 12:13:21 GMT+0200 (Mitteleuropäische Sommerzeit)","Proposition de la commission ( = adopter la motion)","Proposition du Conseil fédéral ( = rejeter la motion)","Ja","","168","1","0","24","6","1","168","1","0","24","6","1","4051","de Courten Thomas","1","0","0","0","0","0"
"20183710","MiGeL-Produkte. Inrechnungstellung durch Erbringer von Pflegeleistungen","17514","Wed Sep 19 2018 12:13:21 GMT+0200 (Mitteleuropäische Sommerzeit)","Proposition de la commission ( = adopter la motion)","Proposition du Conseil fédéral ( = rejeter la motion)","Ja","","168","1","0","24","6","1","168","1","0","24","6","1","4201","de la Reussille Denis","1","0","0","0","0","0"
"20183710","MiGeL-Produkte. Inrechnungstellung durch Erbringer von Pflegeleistungen","17514","Wed Sep 19 2018 12:13:21 GMT+0200 (Mitteleuropäische Sommerzeit)","Proposition de la commission ( = adopter la motion)","Proposition du Conseil fédéral ( = rejeter la motion)","Ja","","168","1","0","24","6","1","168","1","0","24","6","1","4079","Derder Fathi","1","0","0","0","0","0"
"20183710","MiGeL-Produkte. Inrechnungstellung durch Erbringer von Pflegeleistungen","17514","Wed Sep 19 2018 12:13:21 GMT+0200 (Mitteleuropäische Sommerzeit)","Proposition de la commission ( = adopter la motion)","Proposition du Conseil fédéral ( = rejeter la motion)","Ja","","168","1","0","24","6","1","168","1","0","24","6","1","4160","Dettling Marcel","1","0","0","0","0","0"
"20183710","MiGeL-Produkte. Inrechnungstellung durch Erbringer von Pflegeleistungen","17514","Wed Sep 19 2018 12:13:21 GMT+0200 (Mitteleuropäische Sommerzeit)","Proposition de la commission ( = adopter la motion)","Proposition du Conseil fédéral ( = rejeter la motion)","Ja","","168","1","0","24","6","1","168","1","0","24","6","1","4190","Dobler Marcel","1","0","0","0","0","0"
"20183710","MiGeL-Produkte. Inrechnungstellung durch Erbringer von Pflegeleistungen","17514","Wed Sep 19 2018 12:13:21 GMT+0200 (Mitteleuropäische Sommerzeit)","Proposition de la commission ( = adopter la motion)","Proposition du Conseil fédéral ( = rejeter la motion)","Ja","","168","1","0","24","6","1","168","1","0","24","6","1","4212","Egger Thomas","1","0","0","0","0","0"
"20183710","MiGeL-Produkte. Inrechnungstellung durch Erbringer von Pflegeleistungen","17514","Wed Sep 19 2018 12:13:21 GMT+0200 (Mitteleuropäische Sommerzeit)","Proposition de la commission ( = adopter la motion)","Proposition du Conseil fédéral ( = rejeter la motion)","Ja","","168","1","0","24","6","1","168","1","0","24","6","1","4110","Egloff Hans","1","0","0","0","0","0"
"20183710","MiGeL-Produkte. Inrechnungstellung durch Erbringer von Pflegeleistungen","17514","Wed Sep 19 2018 12:13:21 GMT+0200 (Mitteleuropäische Sommerzeit)","Proposition de la commission ( = adopter la motion)","Proposition du Conseil fédéral ( = rejeter la motion)","Ja","","168","1","0","24","6","1","168","1","0","24","6","1","3875","Eichenberger-Walther Corina","1","0","0","0","0","0"
"20183710","MiGeL-Produkte. Inrechnungstellung durch Erbringer von Pflegeleistungen","17514","Wed Sep 19 2018 12:13:21 GMT+0200 (Mitteleuropäische Sommerzeit)","Proposition de la commission ( = adopter la motion)","Proposition du Conseil fédéral ( = rejeter la motion)","Entschuldigt gemäss Art. 57 Abs. 4","","168","1","0","24","6","1","168","1","0","24","6","1","3876","Estermann Yvette","0","0","0","0","1","0"
"20183710","MiGeL-Produkte. Inrechnungstellung durch Erbringer von Pflegeleistungen","17514","Wed Sep 19 2018 12:13:21 GMT+0200 (Mitteleuropäische Sommerzeit)","Proposition de la commission ( = adopter la motion)","Proposition du Conseil fédéral ( = rejeter la motion)","Ja","","168","1","0","24","6","1","168","1","0","24","6","1","74","Eymann Christoph","1","0","0","0","0","0"
"20183710","MiGeL-Produkte. Inrechnungstellung durch Erbringer von Pflegeleistungen","17514","Wed Sep 19 2018 12:13:21 GMT+0200 (Mitteleuropäische Sommerzeit)","Proposition de la commission ( = adopter la motion)","Proposition du Conseil fédéral ( = rejeter la motion)","Ja","","168","1","0","24","6","1","168","1","0","24","6","1","4056","Fässler Daniel","1","0","0","0","0","0"
"20183710","MiGeL-Produkte. Inrechnungstellung durch Erbringer von Pflegeleistungen","17514","Wed Sep 19 2018 12:13:21 GMT+0200 (Mitteleuropäische Sommerzeit)","Proposition de la commission ( = adopter la motion)","Proposition du Conseil fédéral ( = rejeter la motion)","Ja","","168","1","0","24","6","1","168","1","0","24","6","1","4195","Fehlmann Rielle Laurence","1","0","0","0","0","0"
"20183710","MiGeL-Produkte. Inrechnungstellung durch Erbringer von Pflegeleistungen","17514","Wed Sep 19 2018 12:13:21 GMT+0200 (Mitteleuropäische Sommerzeit)","Proposition de la commission ( = adopter la motion)","Proposition du Conseil fédéral ( = rejeter la motion)","Ja","","168","1","0","24","6","1","168","1","0","24","6","1","4077","Feller Olivier","1","0","0","0","0","0"
"20183710","MiGeL-Produkte. Inrechnungstellung durch Erbringer von Pflegeleistungen","17514","Wed Sep 19 2018 12:13:21 GMT+0200 (Mitteleuropäische Sommerzeit)","Proposition de la commission ( = adopter la motion)","Proposition du Conseil fédéral ( = rejeter la motion)","Ja","","168","1","0","24","6","1","168","1","0","24","6","1","4069","Feri Yvonne","1","0","0","0","0","0"
"20183710","MiGeL-Produkte. Inrechnungstellung durch Erbringer von Pflegeleistungen","17514","Wed Sep 19 2018 12:13:21 GMT+0200 (Mitteleuropäische Sommerzeit)","Proposition de la commission ( = adopter la motion)","Proposition du Conseil fédéral ( = rejeter la motion)","Ja","","168","1","0","24","6","1","168","1","0","24","6","1","3877","Fiala Doris","1","0","0","0","0","0"
"20183710","MiGeL-Produkte. Inrechnungstellung durch Erbringer von Pflegeleistungen","17514","Wed Sep 19 2018 12:13:21 GMT+0200 (Mitteleuropäische Sommerzeit)","Proposition de la commission ( = adopter la motion)","Proposition du Conseil fédéral ( = rejeter la motion)","Ja","","168","1","0","24","6","1","168","1","0","24","6","1","4059","Flach Beat","1","0","0","0","0","0"
"20183710","MiGeL-Produkte. Inrechnungstellung durch Erbringer von Pflegeleistungen","17514","Wed Sep 19 2018 12:13:21 GMT+0200 (Mitteleuropäische Sommerzeit)","Proposition de la commission ( = adopter la motion)","Proposition du Conseil fédéral ( = rejeter la motion)","Ja","","168","1","0","24","6","1","168","1","0","24","6","1","3878","Flückiger-Bäni Sylvia","1","0","0","0","0","0"
"20183710","MiGeL-Produkte. Inrechnungstellung durch Erbringer von Pflegeleistungen","17514","Wed Sep 19 2018 12:13:21 GMT+0200 (Mitteleuropäische Sommerzeit)","Proposition de la commission ( = adopter la motion)","Proposition du Conseil fédéral ( = rejeter la motion)","Ja","","168","1","0","24","6","1","168","1","0","24","6","1","1122","Fluri Kurt","1","0","0","0","0","0"
"20183710","MiGeL-Produkte. Inrechnungstellung durch Erbringer von Pflegeleistungen","17514","Wed Sep 19 2018 12:13:21 GMT+0200 (Mitteleuropäische Sommerzeit)","Proposition de la commission ( = adopter la motion)","Proposition du Conseil fédéral ( = rejeter la motion)","Ja","","168","1","0","24","6","1","168","1","0","24","6","1","4042","Frehner Sebastian","1","0","0","0","0","0"
"20183710","MiGeL-Produkte. Inrechnungstellung durch Erbringer von Pflegeleistungen","17514","Wed Sep 19 2018 12:13:21 GMT+0200 (Mitteleuropäische Sommerzeit)","Proposition de la commission ( = adopter la motion)","Proposition du Conseil fédéral ( = rejeter la motion)","Ja","","168","1","0","24","6","1","168","1","0","24","6","1","4074","Fridez Pierre-Alain","1","0","0","0","0","0"
"20183710","MiGeL-Produkte. Inrechnungstellung durch Erbringer von Pflegeleistungen","17514","Wed Sep 19 2018 12:13:21 GMT+0200 (Mitteleuropäische Sommerzeit)","Proposition de la commission ( = adopter la motion)","Proposition du Conseil fédéral ( = rejeter la motion)","Ja","","168","1","0","24","6","1","168","1","0","24","6","1","4131","Friedl Claudia","1","0","0","0","0","0"
"20183710","MiGeL-Produkte. Inrechnungstellung durch Erbringer von Pflegeleistungen","17514","Wed Sep 19 2018 12:13:21 GMT+0200 (Mitteleuropäische Sommerzeit)","Proposition de la commission ( = adopter la motion)","Proposition du Conseil fédéral ( = rejeter la motion)","Ja","","168","1","0","24","6","1","168","1","0","24","6","1","1125","Galladé Chantal","1","0","0","0","0","0"
"20183710","MiGeL-Produkte. Inrechnungstellung durch Erbringer von Pflegeleistungen","17514","Wed Sep 19 2018 12:13:21 GMT+0200 (Mitteleuropäische Sommerzeit)","Proposition de la commission ( = adopter la motion)","Proposition du Conseil fédéral ( = rejeter la motion)","Ja","","168","1","0","24","6","1","168","1","0","24","6","1","3880","Geissbühler Andrea Martina","1","0","0","0","0","0"
"20183710","MiGeL-Produkte. Inrechnungstellung durch Erbringer von Pflegeleistungen","17514","Wed Sep 19 2018 12:13:21 GMT+0200 (Mitteleuropäische Sommerzeit)","Proposition de la commission ( = adopter la motion)","Proposition du Conseil fédéral ( = rejeter la motion)","Nein","","168","1","0","24","6","1","168","1","0","24","6","1","4191","Genecand Benoît","0","1","0","0","0","0"
"20183710","MiGeL-Produkte. Inrechnungstellung durch Erbringer von Pflegeleistungen","17514","Wed Sep 19 2018 12:13:21 GMT+0200 (Mitteleuropäische Sommerzeit)","Proposition de la commission ( = adopter la motion)","Proposition du Conseil fédéral ( = rejeter la motion)","Ja","","168","1","0","24","6","1","168","1","0","24","6","1","91","Giezendanner Ulrich","1","0","0","0","0","0"
"20183710","MiGeL-Produkte. Inrechnungstellung durch Erbringer von Pflegeleistungen","17514","Wed Sep 19 2018 12:13:21 GMT+0200 (Mitteleuropäische Sommerzeit)","Proposition de la commission ( = adopter la motion)","Proposition du Conseil fédéral ( = rejeter la motion)","Ja","","168","1","0","24","6","1","168","1","0","24","6","1","3882","Girod Bastien","1","0","0","0","0","0"
"20183710","MiGeL-Produkte. Inrechnungstellung durch Erbringer von Pflegeleistungen","17514","Wed Sep 19 2018 12:13:21 GMT+0200 (Mitteleuropäische Sommerzeit)","Proposition de la commission ( = adopter la motion)","Proposition du Conseil fédéral ( = rejeter la motion)","Ja","","168","1","0","24","6","1","168","1","0","24","6","1","1337","Glanzmann-Hunkeler Ida","1","0","0","0","0","0"
"20183710","MiGeL-Produkte. Inrechnungstellung durch Erbringer von Pflegeleistungen","17514","Wed Sep 19 2018 12:13:21 GMT+0200 (Mitteleuropäische Sommerzeit)","Proposition de la commission ( = adopter la motion)","Proposition du Conseil fédéral ( = rejeter la motion)","Ja","","168","1","0","24","6","1","168","1","0","24","6","1","4161","Glarner Andreas","1","0","0","0","0","0"
"20183710","MiGeL-Produkte. Inrechnungstellung durch Erbringer von Pflegeleistungen","17514","Wed Sep 19 2018 12:13:21 GMT+0200 (Mitteleuropäische Sommerzeit)","Proposition de la commission ( = adopter la motion)","Proposition du Conseil fédéral ( = rejeter la motion)","Ja","","168","1","0","24","6","1","168","1","0","24","6","1","4093","Glättli Balthasar","1","0","0","0","0","0"
"20183710","MiGeL-Produkte. Inrechnungstellung durch Erbringer von Pflegeleistungen","17514","Wed Sep 19 2018 12:13:21 GMT+0200 (Mitteleuropäische Sommerzeit)","Proposition de la commission ( = adopter la motion)","Proposition du Conseil fédéral ( = rejeter la motion)","Ja","","168","1","0","24","6","1","168","1","0","24","6","1","3883","Glauser-Zufferey Alice","1","0","0","0","0","0"
"20183710","MiGeL-Produkte. Inrechnungstellung durch Erbringer von Pflegeleistungen","17514","Wed Sep 19 2018 12:13:21 GMT+0200 (Mitteleuropäische Sommerzeit)","Proposition de la commission ( = adopter la motion)","Proposition du Conseil fédéral ( = rejeter la motion)","Ja","","168","1","0","24","6","1","168","1","0","24","6","1","4096","Gmür Alois","1","0","0","0","0","0"
"20183710","MiGeL-Produkte. Inrechnungstellung durch Erbringer von Pflegeleistungen","17514","Wed Sep 19 2018 12:13:21 GMT+0200 (Mitteleuropäische Sommerzeit)","Proposition de la commission ( = adopter la motion)","Proposition du Conseil fédéral ( = rejeter la motion)","Hat nicht teilgenommen","","168","1","0","24","6","1","168","1","0","24","6","1","4181","Gmür-Schönenberger Andrea","0","0","0","1","0","0"
"20183710","MiGeL-Produkte. Inrechnungstellung durch Erbringer von Pflegeleistungen","17514","Wed Sep 19 2018 12:13:21 GMT+0200 (Mitteleuropäische Sommerzeit)","Proposition de la commission ( = adopter la motion)","Proposition du Conseil fédéral ( = rejeter la motion)","Ja","","168","1","0","24","6","1","168","1","0","24","6","1","4137","Golay Roger","1","0","0","0","0","0"
"20183710","MiGeL-Produkte. Inrechnungstellung durch Erbringer von Pflegeleistungen","17514","Wed Sep 19 2018 12:13:21 GMT+0200 (Mitteleuropäische Sommerzeit)","Proposition de la commission ( = adopter la motion)","Proposition du Conseil fédéral ( = rejeter la motion)","Ja","","168","1","0","24","6","1","168","1","0","24","6","1","4116","Gössi Petra","1","0","0","0","0","0"
"20183710","MiGeL-Produkte. Inrechnungstellung durch Erbringer von Pflegeleistungen","17514","Wed Sep 19 2018 12:13:21 GMT+0200 (Mitteleuropäische Sommerzeit)","Proposition de la commission ( = adopter la motion)","Proposition du Conseil fédéral ( = rejeter la motion)","Ja","","168","1","0","24","6","1","168","1","0","24","6","1","806","Graf Maya","1","0","0","0","0","0"
"20183710","MiGeL-Produkte. Inrechnungstellung durch Erbringer von Pflegeleistungen","17514","Wed Sep 19 2018 12:13:21 GMT+0200 (Mitteleuropäische Sommerzeit)","Proposition de la commission ( = adopter la motion)","Proposition du Conseil fédéral ( = rejeter la motion)","Ja","","168","1","0","24","6","1","168","1","0","24","6","1","1295","Graf-Litscher Edith","1","0","0","0","0","0"
"20183710","MiGeL-Produkte. Inrechnungstellung durch Erbringer von Pflegeleistungen","17514","Wed Sep 19 2018 12:13:21 GMT+0200 (Mitteleuropäische Sommerzeit)","Proposition de la commission ( = adopter la motion)","Proposition du Conseil fédéral ( = rejeter la motion)","Hat nicht teilgenommen","","168","1","0","24","6","1","168","1","0","24","6","1","3885","Grin Jean-Pierre","0","0","0","1","0","0"
"20183710","MiGeL-Produkte. Inrechnungstellung durch Erbringer von Pflegeleistungen","17514","Wed Sep 19 2018 12:13:21 GMT+0200 (Mitteleuropäische Sommerzeit)","Proposition de la commission ( = adopter la motion)","Proposition du Conseil fédéral ( = rejeter la motion)","Hat nicht teilgenommen","","168","1","0","24","6","1","168","1","0","24","6","1","4083","Grossen Jürg","0","0","0","1","0","0"
"20183710","MiGeL-Produkte. Inrechnungstellung durch Erbringer von Pflegeleistungen","17514","Wed Sep 19 2018 12:13:21 GMT+0200 (Mitteleuropäische Sommerzeit)","Proposition de la commission ( = adopter la motion)","Proposition du Conseil fédéral ( = rejeter la motion)","Ja","","168","1","0","24","6","1","168","1","0","24","6","1","3886","Grunder Hans","1","0","0","0","0","0"
"20183710","MiGeL-Produkte. Inrechnungstellung durch Erbringer von Pflegeleistungen","17514","Wed Sep 19 2018 12:13:21 GMT+0200 (Mitteleuropäische Sommerzeit)","Proposition de la commission ( = adopter la motion)","Proposition du Conseil fédéral ( = rejeter la motion)","Hat nicht teilgenommen","","168","1","0","24","6","1","168","1","0","24","6","1","4162","Grüter Franz","0","0","0","1","0","0"
"20183710","MiGeL-Produkte. Inrechnungstellung durch Erbringer von Pflegeleistungen","17514","Wed Sep 19 2018 12:13:21 GMT+0200 (Mitteleuropäische Sommerzeit)","Proposition de la commission ( = adopter la motion)","Proposition du Conseil fédéral ( = rejeter la motion)","Ja","","168","1","0","24","6","1","168","1","0","24","6","1","4087","Gschwind Jean-Paul","1","0","0","0","0","0"
"20183710","MiGeL-Produkte. Inrechnungstellung durch Erbringer von Pflegeleistungen","17514","Wed Sep 19 2018 12:13:21 GMT+0200 (Mitteleuropäische Sommerzeit)","Proposition de la commission ( = adopter la motion)","Proposition du Conseil fédéral ( = rejeter la motion)","Ja","","168","1","0","24","6","1","168","1","0","24","6","1","4214","Gugger Niklaus-Samuel","1","0","0","0","0","0"
"20183710","MiGeL-Produkte. Inrechnungstellung durch Erbringer von Pflegeleistungen","17514","Wed Sep 19 2018 12:13:21 GMT+0200 (Mitteleuropäische Sommerzeit)","Proposition de la commission ( = adopter la motion)","Proposition du Conseil fédéral ( = rejeter la motion)","Ja","","168","1","0","24","6","1","168","1","0","24","6","1","4082","Guhl Bernhard","1","0","0","0","0","0"
"20183710","MiGeL-Produkte. Inrechnungstellung durch Erbringer von Pflegeleistungen","17514","Wed Sep 19 2018 12:13:21 GMT+0200 (Mitteleuropäische Sommerzeit)","Proposition de la commission ( = adopter la motion)","Proposition du Conseil fédéral ( = rejeter la motion)","Ja","","168","1","0","24","6","1","168","1","0","24","6","1","4216","Gutjahr Diana","1","0","0","0","0","0"
"20183710","MiGeL-Produkte. Inrechnungstellung durch Erbringer von Pflegeleistungen","17514","Wed Sep 19 2018 12:13:21 GMT+0200 (Mitteleuropäische Sommerzeit)","Proposition de la commission ( = adopter la motion)","Proposition du Conseil fédéral ( = rejeter la motion)","Ja","","168","1","0","24","6","1","168","1","0","24","6","1","4121","Gysi Barbara","1","0","0","0","0","0"
"20183710","MiGeL-Produkte. Inrechnungstellung durch Erbringer von Pflegeleistungen","17514","Wed Sep 19 2018 12:13:21 GMT+0200 (Mitteleuropäische Sommerzeit)","Proposition de la commission ( = adopter la motion)","Proposition du Conseil fédéral ( = rejeter la motion)","Ja","","168","1","0","24","6","1","168","1","0","24","6","1","4076","Hadorn Philipp","1","0","0","0","0","0"
"20183710","MiGeL-Produkte. Inrechnungstellung durch Erbringer von Pflegeleistungen","17514","Wed Sep 19 2018 12:13:21 GMT+0200 (Mitteleuropäische Sommerzeit)","Proposition de la commission ( = adopter la motion)","Proposition du Conseil fédéral ( = rejeter la motion)","Ja","","168","1","0","24","6","1","168","1","0","24","6","1","4061","Hardegger Thomas","1","0","0","0","0","0"
"20183710","MiGeL-Produkte. Inrechnungstellung durch Erbringer von Pflegeleistungen","17514","Wed Sep 19 2018 12:13:21 GMT+0200 (Mitteleuropäische Sommerzeit)","Proposition de la commission ( = adopter la motion)","Proposition du Conseil fédéral ( = rejeter la motion)","Ja","","168","1","0","24","6","1","168","1","0","24","6","1","4103","Hausammann Markus","1","0","0","0","0","0"
"20183710","MiGeL-Produkte. Inrechnungstellung durch Erbringer von Pflegeleistungen","17514","Wed Sep 19 2018 12:13:21 GMT+0200 (Mitteleuropäische Sommerzeit)","Proposition de la commission ( = adopter la motion)","Proposition du Conseil fédéral ( = rejeter la motion)","Entschuldigt gemäss Art. 57 Abs. 4","","168","1","0","24","6","1","168","1","0","24","6","1","3887","Heer Alfred","0","0","0","0","1","0"
"20183710","MiGeL-Produkte. Inrechnungstellung durch Erbringer von Pflegeleistungen","17514","Wed Sep 19 2018 12:13:21 GMT+0200 (Mitteleuropäische Sommerzeit)","Proposition de la commission ( = adopter la motion)","Proposition du Conseil fédéral ( = rejeter la motion)","Ja","","168","1","0","24","6","1","168","1","0","24","6","1","1156","Heim Bea","1","0","0","0","0","0"
"20183710","MiGeL-Produkte. Inrechnungstellung durch Erbringer von Pflegeleistungen","17514","Wed Sep 19 2018 12:13:21 GMT+0200 (Mitteleuropäische Sommerzeit)","Proposition de la commission ( = adopter la motion)","Proposition du Conseil fédéral ( = rejeter la motion)","Ja","","168","1","0","24","6","1","168","1","0","24","6","1","4129","Herzog Verena","1","0","0","0","0","0"
"20183710","MiGeL-Produkte. Inrechnungstellung durch Erbringer von Pflegeleistungen","17514","Wed Sep 19 2018 12:13:21 GMT+0200 (Mitteleuropäische Sommerzeit)","Proposition de la commission ( = adopter la motion)","Proposition du Conseil fédéral ( = rejeter la motion)","Ja","","168","1","0","24","6","1","168","1","0","24","6","1","4163","Hess Erich","1","0","0","0","0","0"
"20183710","MiGeL-Produkte. Inrechnungstellung durch Erbringer von Pflegeleistungen","17514","Wed Sep 19 2018 12:13:21 GMT+0200 (Mitteleuropäische Sommerzeit)","Proposition de la commission ( = adopter la motion)","Proposition du Conseil fédéral ( = rejeter la motion)","Hat nicht teilgenommen","","168","1","0","24","6","1","168","1","0","24","6","1","4094","Hess Lorenz","0","0","0","1","0","0"
"20183710","MiGeL-Produkte. Inrechnungstellung durch Erbringer von Pflegeleistungen","17514","Wed Sep 19 2018 12:13:21 GMT+0200 (Mitteleuropäische Sommerzeit)","Proposition de la commission ( = adopter la motion)","Proposition du Conseil fédéral ( = rejeter la motion)","Ja","","168","1","0","24","6","1","168","1","0","24","6","1","3888","Hiltpold Hugues","1","0","0","0","0","0"
"20183710","MiGeL-Produkte. Inrechnungstellung durch Erbringer von Pflegeleistungen","17514","Wed Sep 19 2018 12:13:21 GMT+0200 (Mitteleuropäische Sommerzeit)","Proposition de la commission ( = adopter la motion)","Proposition du Conseil fédéral ( = rejeter la motion)","Ja","","168","1","0","24","6","1","168","1","0","24","6","1","1071","Humbel Ruth","1","0","0","0","0","0"
"20183710","MiGeL-Produkte. Inrechnungstellung durch Erbringer von Pflegeleistungen","17514","Wed Sep 19 2018 12:13:21 GMT+0200 (Mitteleuropäische Sommerzeit)","Proposition de la commission ( = adopter la motion)","Proposition du Conseil fédéral ( = rejeter la motion)","Hat nicht teilgenommen","","168","1","0","24","6","1","168","1","0","24","6","1","3890","Hurter Thomas","0","0","0","1","0","0"
"20183710","MiGeL-Produkte. Inrechnungstellung durch Erbringer von Pflegeleistungen","17514","Wed Sep 19 2018 12:13:21 GMT+0200 (Mitteleuropäische Sommerzeit)","Proposition de la commission ( = adopter la motion)","Proposition du Conseil fédéral ( = rejeter la motion)","Ja","","168","1","0","24","6","1","168","1","0","24","6","1","4164","Imark Christian","1","0","0","0","0","0"
"20183710","MiGeL-Produkte. Inrechnungstellung durch Erbringer von Pflegeleistungen","17514","Wed Sep 19 2018 12:13:21 GMT+0200 (Mitteleuropäische Sommerzeit)","Proposition de la commission ( = adopter la motion)","Proposition du Conseil fédéral ( = rejeter la motion)","Ja","","168","1","0","24","6","1","168","1","0","24","6","1","4032","Jans Beat","1","0","0","0","0","0"
"20183710","MiGeL-Produkte. Inrechnungstellung durch Erbringer von Pflegeleistungen","17514","Wed Sep 19 2018 12:13:21 GMT+0200 (Mitteleuropäische Sommerzeit)","Proposition de la commission ( = adopter la motion)","Proposition du Conseil fédéral ( = rejeter la motion)","Ja","","168","1","0","24","6","1","168","1","0","24","6","1","4208","Jauslin Matthias Samuel","1","0","0","0","0","0"
"20183710","MiGeL-Produkte. Inrechnungstellung durch Erbringer von Pflegeleistungen","17514","Wed Sep 19 2018 12:13:21 GMT+0200 (Mitteleuropäische Sommerzeit)","Proposition de la commission ( = adopter la motion)","Proposition du Conseil fédéral ( = rejeter la motion)","Ja","","168","1","0","24","6","1","168","1","0","24","6","1","4218","Kälin Irène","1","0","0","0","0","0"
"20183710","MiGeL-Produkte. Inrechnungstellung durch Erbringer von Pflegeleistungen","17514","Wed Sep 19 2018 12:13:21 GMT+0200 (Mitteleuropäische Sommerzeit)","Proposition de la commission ( = adopter la motion)","Proposition du Conseil fédéral ( = rejeter la motion)","Ja","","168","1","0","24","6","1","168","1","0","24","6","1","4098","Keller Peter","1","0","0","0","0","0"
"20183710","MiGeL-Produkte. Inrechnungstellung durch Erbringer von Pflegeleistungen","17514","Wed Sep 19 2018 12:13:21 GMT+0200 (Mitteleuropäische Sommerzeit)","Proposition de la commission ( = adopter la motion)","Proposition du Conseil fédéral ( = rejeter la motion)","Ja","","168","1","0","24","6","1","168","1","0","24","6","1","4165","Keller-Inhelder Barbara","1","0","0","0","0","0"
"20183710","MiGeL-Produkte. Inrechnungstellung durch Erbringer von Pflegeleistungen","17514","Wed Sep 19 2018 12:13:21 GMT+0200 (Mitteleuropäische Sommerzeit)","Proposition de la commission ( = adopter la motion)","Proposition du Conseil fédéral ( = rejeter la motion)","Ja","","168","1","0","24","6","1","168","1","0","24","6","1","1147","Kiener Nellen Margret","1","0","0","0","0","0"
"20183710","MiGeL-Produkte. Inrechnungstellung durch Erbringer von Pflegeleistungen","17514","Wed Sep 19 2018 12:13:21 GMT+0200 (Mitteleuropäische Sommerzeit)","Proposition de la commission ( = adopter la motion)","Proposition du Conseil fédéral ( = rejeter la motion)","Ja","","168","1","0","24","6","1","168","1","0","24","6","1","4114","Knecht Hansjörg","1","0","0","0","0","0"
"20183710","MiGeL-Produkte. Inrechnungstellung durch Erbringer von Pflegeleistungen","17514","Wed Sep 19 2018 12:13:21 GMT+0200 (Mitteleuropäische Sommerzeit)","Proposition de la commission ( = adopter la motion)","Proposition du Conseil fédéral ( = rejeter la motion)","Ja","","168","1","0","24","6","1","168","1","0","24","6","1","4166","Köppel Roger","1","0","0","0","0","0"
"20183710","MiGeL-Produkte. Inrechnungstellung durch Erbringer von Pflegeleistungen","17514","Wed Sep 19 2018 12:13:21 GMT+0200 (Mitteleuropäische Sommerzeit)","Proposition de la commission ( = adopter la motion)","Proposition du Conseil fédéral ( = rejeter la motion)","Ja","","168","1","0","24","6","1","168","1","0","24","6","1","4225","Kutter Philipp","1","0","0","0","0","0"
"20183710","MiGeL-Produkte. Inrechnungstellung durch Erbringer von Pflegeleistungen","17514","Wed Sep 19 2018 12:13:21 GMT+0200 (Mitteleuropäische Sommerzeit)","Proposition de la commission ( = adopter la motion)","Proposition du Conseil fédéral ( = rejeter la motion)","Hat nicht teilgenommen","","168","1","0","24","6","1","168","1","0","24","6","1","4008","Landolt Martin","0","0","0","1","0","0"
"20183710","MiGeL-Produkte. Inrechnungstellung durch Erbringer von Pflegeleistungen","17514","Wed Sep 19 2018 12:13:21 GMT+0200 (Mitteleuropäische Sommerzeit)","Proposition de la commission ( = adopter la motion)","Proposition du Conseil fédéral ( = rejeter la motion)","Ja","","168","1","0","24","6","1","168","1","0","24","6","1","487","Leutenegger Oberholzer Susanne","1","0","0","0","0","0"
"20183710","MiGeL-Produkte. Inrechnungstellung durch Erbringer von Pflegeleistungen","17514","Wed Sep 19 2018 12:13:21 GMT+0200 (Mitteleuropäische Sommerzeit)","Proposition de la commission ( = adopter la motion)","Proposition du Conseil fédéral ( = rejeter la motion)","Ja","","168","1","0","24","6","1","168","1","0","24","6","1","4118","Lohr Christian","1","0","0","0","0","0"
"20183710","MiGeL-Produkte. Inrechnungstellung durch Erbringer von Pflegeleistungen","17514","Wed Sep 19 2018 12:13:21 GMT+0200 (Mitteleuropäische Sommerzeit)","Proposition de la commission ( = adopter la motion)","Proposition du Conseil fédéral ( = rejeter la motion)","Ja","","168","1","0","24","6","1","168","1","0","24","6","1","3895","Lüscher Christian","1","0","0","0","0","0"
"20183710","MiGeL-Produkte. Inrechnungstellung durch Erbringer von Pflegeleistungen","17514","Wed Sep 19 2018 12:13:21 GMT+0200 (Mitteleuropäische Sommerzeit)","Proposition de la commission ( = adopter la motion)","Proposition du Conseil fédéral ( = rejeter la motion)","Ja","","168","1","0","24","6","1","168","1","0","24","6","1","4018","Maire Jacques-André","1","0","0","0","0","0"
"20183710","MiGeL-Produkte. Inrechnungstellung durch Erbringer von Pflegeleistungen","17514","Wed Sep 19 2018 12:13:21 GMT+0200 (Mitteleuropäische Sommerzeit)","Proposition de la commission ( = adopter la motion)","Proposition du Conseil fédéral ( = rejeter la motion)","Ja","","168","1","0","24","6","1","168","1","0","24","6","1","4183","Marchand-Balet Géraldine","1","0","0","0","0","0"
"20183710","MiGeL-Produkte. Inrechnungstellung durch Erbringer von Pflegeleistungen","17514","Wed Sep 19 2018 12:13:21 GMT+0200 (Mitteleuropäische Sommerzeit)","Proposition de la commission ( = adopter la motion)","Proposition du Conseil fédéral ( = rejeter la motion)","Ja","","168","1","0","24","6","1","168","1","0","24","6","1","1139","Markwalder Christa","1","0","0","0","0","0"
"20183710","MiGeL-Produkte. Inrechnungstellung durch Erbringer von Pflegeleistungen","17514","Wed Sep 19 2018 12:13:21 GMT+0200 (Mitteleuropäische Sommerzeit)","Proposition de la commission ( = adopter la motion)","Proposition du Conseil fédéral ( = rejeter la motion)","Ja","","168","1","0","24","6","1","168","1","0","24","6","1","3923","Marra Ada","1","0","0","0","0","0"
"20183710","MiGeL-Produkte. Inrechnungstellung durch Erbringer von Pflegeleistungen","17514","Wed Sep 19 2018 12:13:21 GMT+0200 (Mitteleuropäische Sommerzeit)","Proposition de la commission ( = adopter la motion)","Proposition du Conseil fédéral ( = rejeter la motion)","Ja","","168","1","0","24","6","1","168","1","0","24","6","1","4197","Marti Min Li","1","0","0","0","0","0"
"20183710","MiGeL-Produkte. Inrechnungstellung durch Erbringer von Pflegeleistungen","17514","Wed Sep 19 2018 12:13:21 GMT+0200 (Mitteleuropäische Sommerzeit)","Proposition de la commission ( = adopter la motion)","Proposition du Conseil fédéral ( = rejeter la motion)","Ja","","168","1","0","24","6","1","168","1","0","24","6","1","4167","Martullo-Blocher Magdalena","1","0","0","0","0","0"
"20183710","MiGeL-Produkte. Inrechnungstellung durch Erbringer von Pflegeleistungen","17514","Wed Sep 19 2018 12:13:21 GMT+0200 (Mitteleuropäische Sommerzeit)","Proposition de la commission ( = adopter la motion)","Proposition du Conseil fédéral ( = rejeter la motion)","Ja","","168","1","0","24","6","1","168","1","0","24","6","1","4130","Masshardt Nadine","1","0","0","0","0","0"
"20183710","MiGeL-Produkte. Inrechnungstellung durch Erbringer von Pflegeleistungen","17514","Wed Sep 19 2018 12:13:21 GMT+0200 (Mitteleuropäische Sommerzeit)","Proposition de la commission ( = adopter la motion)","Proposition du Conseil fédéral ( = rejeter la motion)","Ja","","168","1","0","24","6","1","168","1","0","24","6","1","4144","Matter Thomas","1","0","0","0","0","0"
"20183710","MiGeL-Produkte. Inrechnungstellung durch Erbringer von Pflegeleistungen","17514","Wed Sep 19 2018 12:13:21 GMT+0200 (Mitteleuropäische Sommerzeit)","Proposition de la commission ( = adopter la motion)","Proposition du Conseil fédéral ( = rejeter la motion)","Ja","","168","1","0","24","6","1","168","1","0","24","6","1","4186","Mazzone Lisa","1","0","0","0","0","0"
"20183710","MiGeL-Produkte. Inrechnungstellung durch Erbringer von Pflegeleistungen","17514","Wed Sep 19 2018 12:13:21 GMT+0200 (Mitteleuropäische Sommerzeit)","Proposition de la commission ( = adopter la motion)","Proposition du Conseil fédéral ( = rejeter la motion)","Ja","","168","1","0","24","6","1","168","1","0","24","6","1","4140","Merlini Giovanni","1","0","0","0","0","0"
"20183710","MiGeL-Produkte. Inrechnungstellung durch Erbringer von Pflegeleistungen","17514","Wed Sep 19 2018 12:13:21 GMT+0200 (Mitteleuropäische Sommerzeit)","Proposition de la commission ( = adopter la motion)","Proposition du Conseil fédéral ( = rejeter la motion)","Ja","","168","1","0","24","6","1","168","1","0","24","6","1","4198","Meyer Mattea","1","0","0","0","0","0"
"20183710","MiGeL-Produkte. Inrechnungstellung durch Erbringer von Pflegeleistungen","17514","Wed Sep 19 2018 12:13:21 GMT+0200 (Mitteleuropäische Sommerzeit)","Proposition de la commission ( = adopter la motion)","Proposition du Conseil fédéral ( = rejeter la motion)","Ja","","168","1","0","24","6","1","168","1","0","24","6","1","4223","Molina Fabian","1","0","0","0","0","0"
"20183710","MiGeL-Produkte. Inrechnungstellung durch Erbringer von Pflegeleistungen","17514","Wed Sep 19 2018 12:13:21 GMT+0200 (Mitteleuropäische Sommerzeit)","Proposition de la commission ( = adopter la motion)","Proposition du Conseil fédéral ( = rejeter la motion)","Ja","","168","1","0","24","6","1","168","1","0","24","6","1","1346","Moret Isabelle","1","0","0","0","0","0"
"20183710","MiGeL-Produkte. Inrechnungstellung durch Erbringer von Pflegeleistungen","17514","Wed Sep 19 2018 12:13:21 GMT+0200 (Mitteleuropäische Sommerzeit)","Proposition de la commission ( = adopter la motion)","Proposition du Conseil fédéral ( = rejeter la motion)","Ja","","168","1","0","24","6","1","168","1","0","24","6","1","3897","Moser Tiana Angelina","1","0","0","0","0","0"
"20183710","MiGeL-Produkte. Inrechnungstellung durch Erbringer von Pflegeleistungen","17514","Wed Sep 19 2018 12:13:21 GMT+0200 (Mitteleuropäische Sommerzeit)","Proposition de la commission ( = adopter la motion)","Proposition du Conseil fédéral ( = rejeter la motion)","Hat nicht teilgenommen","","168","1","0","24","6","1","168","1","0","24","6","1","4097","Müller Leo","0","0","0","1","0","0"
"20183710","MiGeL-Produkte. Inrechnungstellung durch Erbringer von Pflegeleistungen","17514","Wed Sep 19 2018 12:13:21 GMT+0200 (Mitteleuropäische Sommerzeit)","Proposition de la commission ( = adopter la motion)","Proposition du Conseil fédéral ( = rejeter la motion)","Ja","","168","1","0","24","6","1","168","1","0","24","6","1","1345","Müller Thomas","1","0","0","0","0","0"
"20183710","MiGeL-Produkte. Inrechnungstellung durch Erbringer von Pflegeleistungen","17514","Wed Sep 19 2018 12:13:21 GMT+0200 (Mitteleuropäische Sommerzeit)","Proposition de la commission ( = adopter la motion)","Proposition du Conseil fédéral ( = rejeter la motion)","Ja","","168","1","0","24","6","1","168","1","0","24","6","1","1137","Müller Walter","1","0","0","0","0","0"
"20183710","MiGeL-Produkte. Inrechnungstellung durch Erbringer von Pflegeleistungen","17514","Wed Sep 19 2018 12:13:21 GMT+0200 (Mitteleuropäische Sommerzeit)","Proposition de la commission ( = adopter la motion)","Proposition du Conseil fédéral ( = rejeter la motion)","Ja","","168","1","0","24","6","1","168","1","0","24","6","1","4063","Müller-Altermatt Stefan","1","0","0","0","0","0"
"20183710","MiGeL-Produkte. Inrechnungstellung durch Erbringer von Pflegeleistungen","17514","Wed Sep 19 2018 12:13:21 GMT+0200 (Mitteleuropäische Sommerzeit)","Proposition de la commission ( = adopter la motion)","Proposition du Conseil fédéral ( = rejeter la motion)","Ja","","168","1","0","24","6","1","168","1","0","24","6","1","4134","Munz Martina","1","0","0","0","0","0"
"20183710","MiGeL-Produkte. Inrechnungstellung durch Erbringer von Pflegeleistungen","17514","Wed Sep 19 2018 12:13:21 GMT+0200 (Mitteleuropäische Sommerzeit)","Proposition de la commission ( = adopter la motion)","Proposition du Conseil fédéral ( = rejeter la motion)","Ja","","168","1","0","24","6","1","168","1","0","24","6","1","1111","Müri Felix","1","0","0","0","0","0"
"20183710","MiGeL-Produkte. Inrechnungstellung durch Erbringer von Pflegeleistungen","17514","Wed Sep 19 2018 12:13:21 GMT+0200 (Mitteleuropäische Sommerzeit)","Proposition de la commission ( = adopter la motion)","Proposition du Conseil fédéral ( = rejeter la motion)","Ja","","168","1","0","24","6","1","168","1","0","24","6","1","4106","Naef Martin","1","0","0","0","0","0"
"20183710","MiGeL-Produkte. Inrechnungstellung durch Erbringer von Pflegeleistungen","17514","Wed Sep 19 2018 12:13:21 GMT+0200 (Mitteleuropäische Sommerzeit)","Proposition de la commission ( = adopter la motion)","Proposition du Conseil fédéral ( = rejeter la motion)","Ja","","168","1","0","24","6","1","168","1","0","24","6","1","4193","Nantermod Philippe","1","0","0","0","0","0"
"20183710","MiGeL-Produkte. Inrechnungstellung durch Erbringer von Pflegeleistungen","17514","Wed Sep 19 2018 12:13:21 GMT+0200 (Mitteleuropäische Sommerzeit)","Proposition de la commission ( = adopter la motion)","Proposition du Conseil fédéral ( = rejeter la motion)","Ja","","168","1","0","24","6","1","168","1","0","24","6","1","4168","Nicolet Jacques","1","0","0","0","0","0"
"20183710","MiGeL-Produkte. Inrechnungstellung durch Erbringer von Pflegeleistungen","17514","Wed Sep 19 2018 12:13:21 GMT+0200 (Mitteleuropäische Sommerzeit)","Proposition de la commission ( = adopter la motion)","Proposition du Conseil fédéral ( = rejeter la motion)","Ja","","168","1","0","24","6","1","168","1","0","24","6","1","3898","Nidegger Yves","1","0","0","0","0","0"
"20183710","MiGeL-Produkte. Inrechnungstellung durch Erbringer von Pflegeleistungen","17514","Wed Sep 19 2018 12:13:21 GMT+0200 (Mitteleuropäische Sommerzeit)","Proposition de la commission ( = adopter la motion)","Proposition du Conseil fédéral ( = rejeter la motion)","Ja","","168","1","0","24","6","1","168","1","0","24","6","1","1279","Nordmann Roger","1","0","0","0","0","0"
"20183710","MiGeL-Produkte. Inrechnungstellung durch Erbringer von Pflegeleistungen","17514","Wed Sep 19 2018 12:13:21 GMT+0200 (Mitteleuropäische Sommerzeit)","Proposition de la commission ( = adopter la motion)","Proposition du Conseil fédéral ( = rejeter la motion)","Ja","","168","1","0","24","6","1","168","1","0","24","6","1","3899","Nussbaumer Eric","1","0","0","0","0","0"
"20183710","MiGeL-Produkte. Inrechnungstellung durch Erbringer von Pflegeleistungen","17514","Wed Sep 19 2018 12:13:21 GMT+0200 (Mitteleuropäische Sommerzeit)","Proposition de la commission ( = adopter la motion)","Proposition du Conseil fédéral ( = rejeter la motion)","Ja","","168","1","0","24","6","1","168","1","0","24","6","1","4222","Paganini Nicolo","1","0","0","0","0","0"
"20183710","MiGeL-Produkte. Inrechnungstellung durch Erbringer von Pflegeleistungen","17514","Wed Sep 19 2018 12:13:21 GMT+0200 (Mitteleuropäische Sommerzeit)","Proposition de la commission ( = adopter la motion)","Proposition du Conseil fédéral ( = rejeter la motion)","Ja","","168","1","0","24","6","1","168","1","0","24","6","1","4169","Page Pierre-André","1","0","0","0","0","0"
"20183710","MiGeL-Produkte. Inrechnungstellung durch Erbringer von Pflegeleistungen","17514","Wed Sep 19 2018 12:13:21 GMT+0200 (Mitteleuropäische Sommerzeit)","Proposition de la commission ( = adopter la motion)","Proposition du Conseil fédéral ( = rejeter la motion)","Ja","","168","1","0","24","6","1","168","1","0","24","6","1","4073","Pantani Roberta","1","0","0","0","0","0"
"20183710","MiGeL-Produkte. Inrechnungstellung durch Erbringer von Pflegeleistungen","17514","Wed Sep 19 2018 12:13:21 GMT+0200 (Mitteleuropäische Sommerzeit)","Proposition de la commission ( = adopter la motion)","Proposition du Conseil fédéral ( = rejeter la motion)","Hat nicht teilgenommen","","168","1","0","24","6","1","168","1","0","24","6","1","4045","Pardini Corrado","0","0","0","1","0","0"
"20183710","MiGeL-Produkte. Inrechnungstellung durch Erbringer von Pflegeleistungen","17514","Wed Sep 19 2018 12:13:21 GMT+0200 (Mitteleuropäische Sommerzeit)","Proposition de la commission ( = adopter la motion)","Proposition du Conseil fédéral ( = rejeter la motion)","Ja","","168","1","0","24","6","1","168","1","0","24","6","1","4084","Pezzatti Bruno","1","0","0","0","0","0"
"20183710","MiGeL-Produkte. Inrechnungstellung durch Erbringer von Pflegeleistungen","17514","Wed Sep 19 2018 12:13:21 GMT+0200 (Mitteleuropäische Sommerzeit)","Proposition de la commission ( = adopter la motion)","Proposition du Conseil fédéral ( = rejeter la motion)","Hat nicht teilgenommen","","168","1","0","24","6","1","168","1","0","24","6","1","1109","Pfister Gerhard","0","0","0","1","0","0"
"20183710","MiGeL-Produkte. Inrechnungstellung durch Erbringer von Pflegeleistungen","17514","Wed Sep 19 2018 12:13:21 GMT+0200 (Mitteleuropäische Sommerzeit)","Proposition de la commission ( = adopter la motion)","Proposition du Conseil fédéral ( = rejeter la motion)","Ja","","168","1","0","24","6","1","168","1","0","24","6","1","4065","Pieren Nadja","1","0","0","0","0","0"
"20183710","MiGeL-Produkte. Inrechnungstellung durch Erbringer von Pflegeleistungen","17514","Wed Sep 19 2018 12:13:21 GMT+0200 (Mitteleuropäische Sommerzeit)","Proposition de la commission ( = adopter la motion)","Proposition du Conseil fédéral ( = rejeter la motion)","Ja","","168","1","0","24","6","1","168","1","0","24","6","1","4109","Piller Carrard Valérie","1","0","0","0","0","0"
"20183710","MiGeL-Produkte. Inrechnungstellung durch Erbringer von Pflegeleistungen","17514","Wed Sep 19 2018 12:13:21 GMT+0200 (Mitteleuropäische Sommerzeit)","Proposition de la commission ( = adopter la motion)","Proposition du Conseil fédéral ( = rejeter la motion)","Ja","","168","1","0","24","6","1","168","1","0","24","6","1","4141","Portmann Hans-Peter","1","0","0","0","0","0"
"20183710","MiGeL-Produkte. Inrechnungstellung durch Erbringer von Pflegeleistungen","17514","Wed Sep 19 2018 12:13:21 GMT+0200 (Mitteleuropäische Sommerzeit)","Proposition de la commission ( = adopter la motion)","Proposition du Conseil fédéral ( = rejeter la motion)","Ja","","168","1","0","24","6","1","168","1","0","24","6","1","4066","Quadranti Rosmarie","1","0","0","0","0","0"
"20183710","MiGeL-Produkte. Inrechnungstellung durch Erbringer von Pflegeleistungen","17514","Wed Sep 19 2018 12:13:21 GMT+0200 (Mitteleuropäische Sommerzeit)","Proposition de la commission ( = adopter la motion)","Proposition du Conseil fédéral ( = rejeter la motion)","Ja","","168","1","0","24","6","1","168","1","0","24","6","1","4046","Quadri Lorenzo","1","0","0","0","0","0"
"20183710","MiGeL-Produkte. Inrechnungstellung durch Erbringer von Pflegeleistungen","17514","Wed Sep 19 2018 12:13:21 GMT+0200 (Mitteleuropäische Sommerzeit)","Proposition de la commission ( = adopter la motion)","Proposition du Conseil fédéral ( = rejeter la motion)","Ja","","168","1","0","24","6","1","168","1","0","24","6","1","4072","Regazzi Fabio","1","0","0","0","0","0"
"20183710","MiGeL-Produkte. Inrechnungstellung durch Erbringer von Pflegeleistungen","17514","Wed Sep 19 2018 12:13:21 GMT+0200 (Mitteleuropäische Sommerzeit)","Proposition de la commission ( = adopter la motion)","Proposition du Conseil fédéral ( = rejeter la motion)","Ja","","168","1","0","24","6","1","168","1","0","24","6","1","3901","Reimann Lukas","1","0","0","0","0","0"
"20183710","MiGeL-Produkte. Inrechnungstellung durch Erbringer von Pflegeleistungen","17514","Wed Sep 19 2018 12:13:21 GMT+0200 (Mitteleuropäische Sommerzeit)","Proposition de la commission ( = adopter la motion)","Proposition du Conseil fédéral ( = rejeter la motion)","Ja","","168","1","0","24","6","1","168","1","0","24","6","1","173","Reimann Maximilian","1","0","0","0","0","0"
"20183710","MiGeL-Produkte. Inrechnungstellung durch Erbringer von Pflegeleistungen","17514","Wed Sep 19 2018 12:13:21 GMT+0200 (Mitteleuropäische Sommerzeit)","Proposition de la commission ( = adopter la motion)","Proposition du Conseil fédéral ( = rejeter la motion)","Ja","","168","1","0","24","6","1","168","1","0","24","6","1","4091","Reynard Mathias","1","0","0","0","0","0"
"20183710","MiGeL-Produkte. Inrechnungstellung durch Erbringer von Pflegeleistungen","17514","Wed Sep 19 2018 12:13:21 GMT+0200 (Mitteleuropäische Sommerzeit)","Proposition de la commission ( = adopter la motion)","Proposition du Conseil fédéral ( = rejeter la motion)","Entschuldigt gemäss Art. 57 Abs. 4","","168","1","0","24","6","1","168","1","0","24","6","1","3902","Rickli Natalie","0","0","0","0","1","0"
"20183710","MiGeL-Produkte. Inrechnungstellung durch Erbringer von Pflegeleistungen","17514","Wed Sep 19 2018 12:13:21 GMT+0200 (Mitteleuropäische Sommerzeit)","Proposition de la commission ( = adopter la motion)","Proposition du Conseil fédéral ( = rejeter la motion)","Ja","","168","1","0","24","6","1","168","1","0","24","6","1","502","Riklin Kathy","1","0","0","0","0","0"
"20183710","MiGeL-Produkte. Inrechnungstellung durch Erbringer von Pflegeleistungen","17514","Wed Sep 19 2018 12:13:21 GMT+0200 (Mitteleuropäische Sommerzeit)","Proposition de la commission ( = adopter la motion)","Proposition du Conseil fédéral ( = rejeter la motion)","Ja","","168","1","0","24","6","1","168","1","0","24","6","1","1119","Rime Jean-François","1","0","0","0","0","0"
"20183710","MiGeL-Produkte. Inrechnungstellung durch Erbringer von Pflegeleistungen","17514","Wed Sep 19 2018 12:13:21 GMT+0200 (Mitteleuropäische Sommerzeit)","Proposition de la commission ( = adopter la motion)","Proposition du Conseil fédéral ( = rejeter la motion)","Ja","","168","1","0","24","6","1","168","1","0","24","6","1","4052","Ritter Markus","1","0","0","0","0","0"
"20183710","MiGeL-Produkte. Inrechnungstellung durch Erbringer von Pflegeleistungen","17514","Wed Sep 19 2018 12:13:21 GMT+0200 (Mitteleuropäische Sommerzeit)","Proposition de la commission ( = adopter la motion)","Proposition du Conseil fédéral ( = rejeter la motion)","Ja","","168","1","0","24","6","1","168","1","0","24","6","1","4220","Roduit Benjamin","1","0","0","0","0","0"
"20183710","MiGeL-Produkte. Inrechnungstellung durch Erbringer von Pflegeleistungen","17514","Wed Sep 19 2018 12:13:21 GMT+0200 (Mitteleuropäische Sommerzeit)","Proposition de la commission ( = adopter la motion)","Proposition du Conseil fédéral ( = rejeter la motion)","Ja","","168","1","0","24","6","1","168","1","0","24","6","1","4120","Romano Marco","1","0","0","0","0","0"
"20183710","MiGeL-Produkte. Inrechnungstellung durch Erbringer von Pflegeleistungen","17514","Wed Sep 19 2018 12:13:21 GMT+0200 (Mitteleuropäische Sommerzeit)","Proposition de la commission ( = adopter la motion)","Proposition du Conseil fédéral ( = rejeter la motion)","Hat nicht teilgenommen","","168","1","0","24","6","1","168","1","0","24","6","1","4100","Rösti Albert","0","0","0","1","0","0"
"20183710","MiGeL-Produkte. Inrechnungstellung durch Erbringer von Pflegeleistungen","17514","Wed Sep 19 2018 12:13:21 GMT+0200 (Mitteleuropäische Sommerzeit)","Proposition de la commission ( = adopter la motion)","Proposition du Conseil fédéral ( = rejeter la motion)","Ja","","168","1","0","24","6","1","168","1","0","24","6","1","4143","Ruiz Rebecca Ana","1","0","0","0","0","0"
"20183710","MiGeL-Produkte. Inrechnungstellung durch Erbringer von Pflegeleistungen","17514","Wed Sep 19 2018 12:13:21 GMT+0200 (Mitteleuropäische Sommerzeit)","Proposition de la commission ( = adopter la motion)","Proposition du Conseil fédéral ( = rejeter la motion)","Ja","","168","1","0","24","6","1","168","1","0","24","6","1","4170","Ruppen Franz","1","0","0","0","0","0"
"20183710","MiGeL-Produkte. Inrechnungstellung durch Erbringer von Pflegeleistungen","17514","Wed Sep 19 2018 12:13:21 GMT+0200 (Mitteleuropäische Sommerzeit)","Proposition de la commission ( = adopter la motion)","Proposition du Conseil fédéral ( = rejeter la motion)","Ja","","168","1","0","24","6","1","168","1","0","24","6","1","4125","Rutz Gregor","1","0","0","0","0","0"
"20183710","MiGeL-Produkte. Inrechnungstellung durch Erbringer von Pflegeleistungen","17514","Wed Sep 19 2018 12:13:21 GMT+0200 (Mitteleuropäische Sommerzeit)","Proposition de la commission ( = adopter la motion)","Proposition du Conseil fédéral ( = rejeter la motion)","Ja","","168","1","0","24","6","1","168","1","0","24","6","1","4095","Rytz Regula","1","0","0","0","0","0"
"20183710","MiGeL-Produkte. Inrechnungstellung durch Erbringer von Pflegeleistungen","17514","Wed Sep 19 2018 12:13:21 GMT+0200 (Mitteleuropäische Sommerzeit)","Proposition de la commission ( = adopter la motion)","Proposition du Conseil fédéral ( = rejeter la motion)","Hat nicht teilgenommen","","168","1","0","24","6","1","168","1","0","24","6","1","4172","Salzmann Werner","0","0","0","1","0","0"
"20183710","MiGeL-Produkte. Inrechnungstellung durch Erbringer von Pflegeleistungen","17514","Wed Sep 19 2018 12:13:21 GMT+0200 (Mitteleuropäische Sommerzeit)","Proposition de la commission ( = adopter la motion)","Proposition du Conseil fédéral ( = rejeter la motion)","Ja","","168","1","0","24","6","1","168","1","0","24","6","1","4202","Sauter Regine","1","0","0","0","0","0"
"20183710","MiGeL-Produkte. Inrechnungstellung durch Erbringer von Pflegeleistungen","17514","Wed Sep 19 2018 12:13:21 GMT+0200 (Mitteleuropäische Sommerzeit)","Proposition de la commission ( = adopter la motion)","Proposition du Conseil fédéral ( = rejeter la motion)","Ja","","168","1","0","24","6","1","168","1","0","24","6","1","1129","Schenker Silvia","1","0","0","0","0","0"
"20183710","MiGeL-Produkte. Inrechnungstellung durch Erbringer von Pflegeleistungen","17514","Wed Sep 19 2018 12:13:21 GMT+0200 (Mitteleuropäische Sommerzeit)","Proposition de la commission ( = adopter la motion)","Proposition du Conseil fédéral ( = rejeter la motion)","Ja","","168","1","0","24","6","1","168","1","0","24","6","1","4124","Schilliger Peter","1","0","0","0","0","0"
"20183710","MiGeL-Produkte. Inrechnungstellung durch Erbringer von Pflegeleistungen","17514","Wed Sep 19 2018 12:13:21 GMT+0200 (Mitteleuropäische Sommerzeit)","Proposition de la commission ( = adopter la motion)","Proposition du Conseil fédéral ( = rejeter la motion)","Ja","","168","1","0","24","6","1","168","1","0","24","6","1","4060","Schneeberger Daniela","1","0","0","0","0","0"
"20183710","MiGeL-Produkte. Inrechnungstellung durch Erbringer von Pflegeleistungen","17514","Wed Sep 19 2018 12:13:21 GMT+0200 (Mitteleuropäische Sommerzeit)","Proposition de la commission ( = adopter la motion)","Proposition du Conseil fédéral ( = rejeter la motion)","Ja","","168","1","0","24","6","1","168","1","0","24","6","1","4123","Schneider Schüttel Ursula","1","0","0","0","0","0"
"20183710","MiGeL-Produkte. Inrechnungstellung durch Erbringer von Pflegeleistungen","17514","Wed Sep 19 2018 12:13:21 GMT+0200 (Mitteleuropäische Sommerzeit)","Proposition de la commission ( = adopter la motion)","Proposition du Conseil fédéral ( = rejeter la motion)","Ja","","168","1","0","24","6","1","168","1","0","24","6","1","4040","Schneider-Schneiter Elisabeth","1","0","0","0","0","0"
"20183710","MiGeL-Produkte. Inrechnungstellung durch Erbringer von Pflegeleistungen","17514","Wed Sep 19 2018 12:13:21 GMT+0200 (Mitteleuropäische Sommerzeit)","Proposition de la commission ( = adopter la motion)","Proposition du Conseil fédéral ( = rejeter la motion)","Ja","","168","1","0","24","6","1","168","1","0","24","6","1","1159","Schwander Pirmin","1","0","0","0","0","0"
"20183710","MiGeL-Produkte. Inrechnungstellung durch Erbringer von Pflegeleistungen","17514","Wed Sep 19 2018 12:13:21 GMT+0200 (Mitteleuropäische Sommerzeit)","Proposition de la commission ( = adopter la motion)","Proposition du Conseil fédéral ( = rejeter la motion)","Ja","","168","1","0","24","6","1","168","1","0","24","6","1","4199","Seiler Graf Priska","1","0","0","0","0","0"
"20183710","MiGeL-Produkte. Inrechnungstellung durch Erbringer von Pflegeleistungen","17514","Wed Sep 19 2018 12:13:21 GMT+0200 (Mitteleuropäische Sommerzeit)","Proposition de la commission ( = adopter la motion)","Proposition du Conseil fédéral ( = rejeter la motion)","Hat nicht teilgenommen","","168","1","0","24","6","1","168","1","0","24","6","1","354","Semadeni Silva","0","0","0","1","0","0"
"20183710","MiGeL-Produkte. Inrechnungstellung durch Erbringer von Pflegeleistungen","17514","Wed Sep 19 2018 12:13:21 GMT+0200 (Mitteleuropäische Sommerzeit)","Proposition de la commission ( = adopter la motion)","Proposition du Conseil fédéral ( = rejeter la motion)","Ja","","168","1","0","24","6","1","168","1","0","24","6","1","4146","Siegenthaler Heinz","1","0","0","0","0","0"
"20183710","MiGeL-Produkte. Inrechnungstellung durch Erbringer von Pflegeleistungen","17514","Wed Sep 19 2018 12:13:21 GMT+0200 (Mitteleuropäische Sommerzeit)","Proposition de la commission ( = adopter la motion)","Proposition du Conseil fédéral ( = rejeter la motion)","Ja","","168","1","0","24","6","1","168","1","0","24","6","1","4173","Sollberger Sandra","1","0","0","0","0","0"
"20183710","MiGeL-Produkte. Inrechnungstellung durch Erbringer von Pflegeleistungen","17514","Wed Sep 19 2018 12:13:21 GMT+0200 (Mitteleuropäische Sommerzeit)","Proposition de la commission ( = adopter la motion)","Proposition du Conseil fédéral ( = rejeter la motion)","Ja","","168","1","0","24","6","1","168","1","0","24","6","1","1120","Sommaruga Carlo","1","0","0","0","0","0"
"20183710","MiGeL-Produkte. Inrechnungstellung durch Erbringer von Pflegeleistungen","17514","Wed Sep 19 2018 12:13:21 GMT+0200 (Mitteleuropäische Sommerzeit)","Proposition de la commission ( = adopter la motion)","Proposition du Conseil fédéral ( = rejeter la motion)","Ja","","168","1","0","24","6","1","168","1","0","24","6","1","514","Stahl Jürg","1","0","0","0","0","0"
"20183710","MiGeL-Produkte. Inrechnungstellung durch Erbringer von Pflegeleistungen","17514","Wed Sep 19 2018 12:13:21 GMT+0200 (Mitteleuropäische Sommerzeit)","Proposition de la commission ( = adopter la motion)","Proposition du Conseil fédéral ( = rejeter la motion)","Ja","","168","1","0","24","6","1","168","1","0","24","6","1","214","Stamm Luzi","1","0","0","0","0","0"
"20183710","MiGeL-Produkte. Inrechnungstellung durch Erbringer von Pflegeleistungen","17514","Wed Sep 19 2018 12:13:21 GMT+0200 (Mitteleuropäische Sommerzeit)","Proposition de la commission ( = adopter la motion)","Proposition du Conseil fédéral ( = rejeter la motion)","Ja","","168","1","0","24","6","1","168","1","0","24","6","1","4174","Steinemann Barbara","1","0","0","0","0","0"
"20183710","MiGeL-Produkte. Inrechnungstellung durch Erbringer von Pflegeleistungen","17514","Wed Sep 19 2018 12:13:21 GMT+0200 (Mitteleuropäische Sommerzeit)","Proposition de la commission ( = adopter la motion)","Proposition du Conseil fédéral ( = rejeter la motion)","Ja","","168","1","0","24","6","1","168","1","0","24","6","1","4036","Streiff-Feller Marianne","1","0","0","0","0","0"
"20183710","MiGeL-Produkte. Inrechnungstellung durch Erbringer von Pflegeleistungen","17514","Wed Sep 19 2018 12:13:21 GMT+0200 (Mitteleuropäische Sommerzeit)","Proposition de la commission ( = adopter la motion)","Proposition du Conseil fédéral ( = rejeter la motion)","Ja","","168","1","0","24","6","1","168","1","0","24","6","1","3907","Thorens Goumaz Adèle","1","0","0","0","0","0"
"20183710","MiGeL-Produkte. Inrechnungstellung durch Erbringer von Pflegeleistungen","17514","Wed Sep 19 2018 12:13:21 GMT+0200 (Mitteleuropäische Sommerzeit)","Proposition de la commission ( = adopter la motion)","Proposition du Conseil fédéral ( = rejeter la motion)","Ja","","168","1","0","24","6","1","168","1","0","24","6","1","4221","Töngi Michael","1","0","0","0","0","0"
"20183710","MiGeL-Produkte. Inrechnungstellung durch Erbringer von Pflegeleistungen","17514","Wed Sep 19 2018 12:13:21 GMT+0200 (Mitteleuropäische Sommerzeit)","Proposition de la commission ( = adopter la motion)","Proposition du Conseil fédéral ( = rejeter la motion)","Entschuldigt gemäss Art. 57 Abs. 4","","168","1","0","24","6","1","168","1","0","24","6","1","4113","Tornare Manuel","0","0","0","0","1","0"
"20183710","MiGeL-Produkte. Inrechnungstellung durch Erbringer von Pflegeleistungen","17514","Wed Sep 19 2018 12:13:21 GMT+0200 (Mitteleuropäische Sommerzeit)","Proposition de la commission ( = adopter la motion)","Proposition du Conseil fédéral ( = rejeter la motion)","Ja","","168","1","0","24","6","1","168","1","0","24","6","1","4128","Trede Aline","1","0","0","0","0","0"
"20183710","MiGeL-Produkte. Inrechnungstellung durch Erbringer von Pflegeleistungen","17514","Wed Sep 19 2018 12:13:21 GMT+0200 (Mitteleuropäische Sommerzeit)","Proposition de la commission ( = adopter la motion)","Proposition du Conseil fédéral ( = rejeter la motion)","Ja","","168","1","0","24","6","1","168","1","0","24","6","1","4175","Tuena Mauro","1","0","0","0","0","0"
"20183710","MiGeL-Produkte. Inrechnungstellung durch Erbringer von Pflegeleistungen","17514","Wed Sep 19 2018 12:13:21 GMT+0200 (Mitteleuropäische Sommerzeit)","Proposition de la commission ( = adopter la motion)","Proposition du Conseil fédéral ( = rejeter la motion)","Hat nicht teilgenommen","","168","1","0","24","6","1","168","1","0","24","6","1","4054","Vitali Albert","0","0","0","1","0","0"
"20183710","MiGeL-Produkte. Inrechnungstellung durch Erbringer von Pflegeleistungen","17514","Wed Sep 19 2018 12:13:21 GMT+0200 (Mitteleuropäische Sommerzeit)","Proposition de la commission ( = adopter la motion)","Proposition du Conseil fédéral ( = rejeter la motion)","Ja","","168","1","0","24","6","1","168","1","0","24","6","1","4085","Vogler Karl","1","0","0","0","0","0"
"20183710","MiGeL-Produkte. Inrechnungstellung durch Erbringer von Pflegeleistungen","17514","Wed Sep 19 2018 12:13:21 GMT+0200 (Mitteleuropäische Sommerzeit)","Proposition de la commission ( = adopter la motion)","Proposition du Conseil fédéral ( = rejeter la motion)","Hat nicht teilgenommen","","168","1","0","24","6","1","168","1","0","24","6","1","4176","Vogt Hans-Ueli","0","0","0","1","0","0"
"20183710","MiGeL-Produkte. Inrechnungstellung durch Erbringer von Pflegeleistungen","17514","Wed Sep 19 2018 12:13:21 GMT+0200 (Mitteleuropäische Sommerzeit)","Proposition de la commission ( = adopter la motion)","Proposition du Conseil fédéral ( = rejeter la motion)","Ja","","168","1","0","24","6","1","168","1","0","24","6","1","3910","von Siebenthal Erich","1","0","0","0","0","0"
"20183710","MiGeL-Produkte. Inrechnungstellung durch Erbringer von Pflegeleistungen","17514","Wed Sep 19 2018 12:13:21 GMT+0200 (Mitteleuropäische Sommerzeit)","Proposition de la commission ( = adopter la motion)","Proposition du Conseil fédéral ( = rejeter la motion)","Ja","","168","1","0","24","6","1","168","1","0","24","6","1","4177","Walliser Bruno","1","0","0","0","0","0"
"20183710","MiGeL-Produkte. Inrechnungstellung durch Erbringer von Pflegeleistungen","17514","Wed Sep 19 2018 12:13:21 GMT+0200 (Mitteleuropäische Sommerzeit)","Proposition de la commission ( = adopter la motion)","Proposition du Conseil fédéral ( = rejeter la motion)","Ja","","168","1","0","24","6","1","168","1","0","24","6","1","4142","Walti Beat","1","0","0","0","0","0"
"20183710","MiGeL-Produkte. Inrechnungstellung durch Erbringer von Pflegeleistungen","17514","Wed Sep 19 2018 12:13:21 GMT+0200 (Mitteleuropäische Sommerzeit)","Proposition de la commission ( = adopter la motion)","Proposition du Conseil fédéral ( = rejeter la motion)","Ja","","168","1","0","24","6","1","168","1","0","24","6","1","3912","Wasserfallen Christian","1","0","0","0","0","0"
"20183710","MiGeL-Produkte. Inrechnungstellung durch Erbringer von Pflegeleistungen","17514","Wed Sep 19 2018 12:13:21 GMT+0200 (Mitteleuropäische Sommerzeit)","Proposition de la commission ( = adopter la motion)","Proposition du Conseil fédéral ( = rejeter la motion)","Ja","","168","1","0","24","6","1","168","1","0","24","6","1","4224","Wasserfallen Flavia","1","0","0","0","0","0"
"20183710","MiGeL-Produkte. Inrechnungstellung durch Erbringer von Pflegeleistungen","17514","Wed Sep 19 2018 12:13:21 GMT+0200 (Mitteleuropäische Sommerzeit)","Proposition de la commission ( = adopter la motion)","Proposition du Conseil fédéral ( = rejeter la motion)","Ja","","168","1","0","24","6","1","168","1","0","24","6","1","4194","Wehrli Laurent","1","0","0","0","0","0"
"20183710","MiGeL-Produkte. Inrechnungstellung durch Erbringer von Pflegeleistungen","17514","Wed Sep 19 2018 12:13:21 GMT+0200 (Mitteleuropäische Sommerzeit)","Proposition de la commission ( = adopter la motion)","Proposition du Conseil fédéral ( = rejeter la motion)","Ja","","168","1","0","24","6","1","168","1","0","24","6","1","3931","Weibel Thomas","1","0","0","0","0","0"
"20183710","MiGeL-Produkte. Inrechnungstellung durch Erbringer von Pflegeleistungen","17514","Wed Sep 19 2018 12:13:21 GMT+0200 (Mitteleuropäische Sommerzeit)","Proposition de la commission ( = adopter la motion)","Proposition du Conseil fédéral ( = rejeter la motion)","Ja","","168","1","0","24","6","1","168","1","0","24","6","1","4057","Wermuth Cédric","1","0","0","0","0","0"
"20183710","MiGeL-Produkte. Inrechnungstellung durch Erbringer von Pflegeleistungen","17514","Wed Sep 19 2018 12:13:21 GMT+0200 (Mitteleuropäische Sommerzeit)","Proposition de la commission ( = adopter la motion)","Proposition du Conseil fédéral ( = rejeter la motion)","Ja","","168","1","0","24","6","1","168","1","0","24","6","1","1142","Wobmann Walter","1","0","0","0","0","0"
"20183710","MiGeL-Produkte. Inrechnungstellung durch Erbringer von Pflegeleistungen","17514","Wed Sep 19 2018 12:13:21 GMT+0200 (Mitteleuropäische Sommerzeit)","Proposition de la commission ( = adopter la motion)","Proposition du Conseil fédéral ( = rejeter la motion)","Hat nicht teilgenommen","","168","1","0","24","6","1","168","1","0","24","6","1","4226","Wüthrich Adrian","0","0","0","1","0","0"
"20183710","MiGeL-Produkte. Inrechnungstellung durch Erbringer von Pflegeleistungen","17514","Wed Sep 19 2018 12:13:21 GMT+0200 (Mitteleuropäische Sommerzeit)","Proposition de la commission ( = adopter la motion)","Proposition du Conseil fédéral ( = rejeter la motion)","Ja","","168","1","0","24","6","1","168","1","0","24","6","1","4178","Zanetti Claudio","1","0","0","0","0","0"
"20183710","MiGeL-Produkte. Inrechnungstellung durch Erbringer von Pflegeleistungen","17514","Wed Sep 19 2018 12:13:21 GMT+0200 (Mitteleuropäische Sommerzeit)","Proposition de la commission ( = adopter la motion)","Proposition du Conseil fédéral ( = rejeter la motion)","Ja","","168","1","0","24","6","1","168","1","0","24","6","1","4179","Zuberbühler David","1","0","0","0","0","0"